"Название","Тип","Размер","Дата изменения","Уровень вложенности","Полный абсолютный путь"
".DS_Store","file","6148","2020-03-10","1","./.DS_Store"
"cache","directory","160","2020-05-11","1","./cache"
"currency_converter","directory","288","2020-03-08","1","./currency_converter"
"__init__.py","file","0","2020-03-06","1","./__init__.py"
"README.md","file","20","2020-03-07","1","./README.md"
"dir_explorer","directory","256","2020-05-26","1","./dir_explorer"
".gitignore","file","19","2020-04-26","1","./.gitignore"
"arith_list","directory","256","2020-03-07","1","./arith_list"
".git","directory","384","2020-05-26","1","./.git"
".vscode","directory","96","2020-04-13","1","./.vscode"
"notebooks","directory","96","2020-04-26","1","./notebooks"
"control","directory","288","2020-05-14","1","./control"
"lru_cache.py","file","2275","2020-05-25","2","./cache/lru_cache.py"
"lfu_cache.py","file","190","2020-05-11","2","./cache/lfu_cache.py"
"__init__.py","file","0","2020-05-03","2","./cache/__init__.py"
"rate.yaml","file","326","2020-03-08","2","./currency_converter/rate.yaml"
"__init__.py","file","0","2020-03-08","2","./currency_converter/__init__.py"
"__pycache__","directory","192","2020-03-10","2","./currency_converter/__pycache__"
".gitignore","file","21","2020-03-08","2","./currency_converter/.gitignore"
"main.py","file","540","2020-03-10","2","./currency_converter/main.py"
"currency.py","file","1815","2020-03-11","2","./currency_converter/currency.py"
"__main__.py","file","78","2020-04-13","2","./currency_converter/__main__.py"
"currency.cpython-37.pyc","file","2106","2020-03-08","3","./currency_converter/__pycache__/currency.cpython-37.pyc"
"main.cpython-37.pyc","file","690","2020-03-10","3","./currency_converter/__pycache__/main.cpython-37.pyc"
"__main__.cpython-37.pyc","file","227","2020-03-08","3","./currency_converter/__pycache__/__main__.cpython-37.pyc"
"__init__.cpython-37.pyc","file","138","2020-03-08","3","./currency_converter/__pycache__/__init__.cpython-37.pyc"
"__init__.py","file","0","2020-05-25","2","./dir_explorer/__init__.py"
"__pycache__","directory","128","2020-05-26","2","./dir_explorer/__pycache__"
"explorer.py","file","1860","2020-05-26","2","./dir_explorer/explorer.py"
".gitignore","file","11","2020-05-26","2","./dir_explorer/.gitignore"
"utils.py","file","1317","2020-05-26","2","./dir_explorer/utils.py"
"static","directory","192","2020-05-26","2","./dir_explorer/static"
"explorer.cpython-37.pyc","file","2036","2020-05-26","3","./dir_explorer/__pycache__/explorer.cpython-37.pyc"
"__init__.cpython-37.pyc","file","132","2020-05-26","3","./dir_explorer/__pycache__/__init__.cpython-37.pyc"
"root_info.xls","file","0","2020-05-26","3","./dir_explorer/static/root_info.xls"
"ones_zeros","file","199","2020-05-26","3","./dir_explorer/static/ones_zeros"
"root_info.csv","file","0","2020-05-26","3","./dir_explorer/static/root_info.csv"
"example.pdf","file","27152","2020-05-25","3","./dir_explorer/static/example.pdf"
"__init__.py","file","0","2020-03-06","2","./arith_list/__init__.py"
"__pycache__","directory","224","2020-03-10","2","./arith_list/__pycache__"
".gitignore","file","21","2020-03-07","2","./arith_list/.gitignore"
"arith_list.py","file","2210","2020-03-10","2","./arith_list/arith_list.py"
"main.py","file","533","2020-03-10","2","./arith_list/main.py"
"__main__.py","file","70","2020-03-07","2","./arith_list/__main__.py"
"arith_list.cpython-37.pyc","file","3200","2020-03-10","3","./arith_list/__pycache__/arith_list.cpython-37.pyc"
"main.cpython-37.pyc","file","608","2020-03-10","3","./arith_list/__pycache__/main.cpython-37.pyc"
"__main__.cpython-37.pyc","file","209","2020-03-07","3","./arith_list/__pycache__/__main__.cpython-37.pyc"
"math_list.cpython-37.pyc","file","1474","2020-03-07","3","./arith_list/__pycache__/math_list.cpython-37.pyc"
"__init__.cpython-37.pyc","file","127","2020-03-06","3","./arith_list/__pycache__/__init__.cpython-37.pyc"
"config","file","312","2020-03-07","2","./.git/config"
"objects","directory","1856","2020-05-25","2","./.git/objects"
"HEAD","file","23","2020-03-07","2","./.git/HEAD"
"info","directory","96","2020-03-07","2","./.git/info"
"logs","directory","128","2020-03-07","2","./.git/logs"
"description","file","73","2020-03-07","2","./.git/description"
"hooks","directory","416","2020-03-07","2","./.git/hooks"
"refs","directory","160","2020-03-07","2","./.git/refs"
"index","file","2365","2020-05-25","2","./.git/index"
"COMMIT_EDITMSG","file","27","2020-05-25","2","./.git/COMMIT_EDITMSG"
"59","directory","96","2020-05-25","3","./.git/objects/59"
"68","directory","96","2020-05-25","3","./.git/objects/68"
"6a","directory","96","2020-05-25","3","./.git/objects/6a"
"32","directory","96","2020-03-07","3","./.git/objects/32"
"69","directory","96","2020-03-08","3","./.git/objects/69"
"93","directory","96","2020-03-10","3","./.git/objects/93"
"a3","directory","96","2020-05-14","3","./.git/objects/a3"
"bb","directory","96","2020-04-26","3","./.git/objects/bb"
"be","directory","96","2020-03-07","3","./.git/objects/be"
"df","directory","96","2020-03-08","3","./.git/objects/df"
"bd","directory","96","2020-05-25","3","./.git/objects/bd"
"d1","directory","128","2020-05-14","3","./.git/objects/d1"
"e2","directory","96","2020-05-14","3","./.git/objects/e2"
"f2","directory","96","2020-04-26","3","./.git/objects/f2"
"fe","directory","128","2020-05-14","3","./.git/objects/fe"
"ec","directory","96","2020-05-14","3","./.git/objects/ec"
"4b","directory","96","2020-03-07","3","./.git/objects/4b"
"pack","directory","64","2020-03-07","3","./.git/objects/pack"
"7c","directory","96","2020-03-08","3","./.git/objects/7c"
"45","directory","96","2020-03-08","3","./.git/objects/45"
"28","directory","96","2020-03-08","3","./.git/objects/28"
"7b","directory","96","2020-04-26","3","./.git/objects/7b"
"21","directory","96","2020-05-14","3","./.git/objects/21"
"4d","directory","96","2020-05-11","3","./.git/objects/4d"
"75","directory","96","2020-03-08","3","./.git/objects/75"
"81","directory","96","2020-05-25","3","./.git/objects/81"
"36","directory","96","2020-05-11","3","./.git/objects/36"
"5c","directory","128","2020-05-14","3","./.git/objects/5c"
"info","directory","64","2020-03-07","3","./.git/objects/info"
"65","directory","96","2020-03-08","3","./.git/objects/65"
"62","directory","96","2020-05-11","3","./.git/objects/62"
"54","directory","128","2020-05-14","3","./.git/objects/54"
"37","directory","96","2020-05-14","3","./.git/objects/37"
"6c","directory","96","2020-04-26","3","./.git/objects/6c"
"39","directory","96","2020-03-07","3","./.git/objects/39"
"63","directory","96","2020-05-25","3","./.git/objects/63"
"90","directory","96","2020-03-08","3","./.git/objects/90"
"dd","directory","96","2020-03-10","3","./.git/objects/dd"
"b6","directory","96","2020-05-11","3","./.git/objects/b6"
"d2","directory","96","2020-04-26","3","./.git/objects/d2"
"de","directory","96","2020-03-10","3","./.git/objects/de"
"a6","directory","96","2020-03-07","3","./.git/objects/a6"
"e6","directory","96","2020-03-07","3","./.git/objects/e6"
"e9","directory","96","2020-05-11","3","./.git/objects/e9"
"e7","directory","96","2020-05-14","3","./.git/objects/e7"
"46","directory","128","2020-05-14","3","./.git/objects/46"
"2c","directory","96","2020-05-25","3","./.git/objects/2c"
"41","directory","96","2020-04-26","3","./.git/objects/41"
"83","directory","96","2020-05-14","3","./.git/objects/83"
"24","directory","96","2020-03-08","3","./.git/objects/24"
"23","directory","96","2020-03-08","3","./.git/objects/23"
"4f","directory","96","2020-05-14","3","./.git/objects/4f"
"12","directory","96","2020-03-08","3","./.git/objects/12"
"82","directory","96","2020-05-14","3","./.git/objects/82"
"40","directory","96","2020-03-07","3","./.git/objects/40"
"8e","directory","96","2020-03-08","3","./.git/objects/8e"
"057276cc05fed7c7c7b959fef5664479a3cd7f","file","174","2020-05-25","4","./.git/objects/59/057276cc05fed7c7c7b959fef5664479a3cd7f"
"85d37b457e12e58ef12d39ba77924976746b36","file","1205","2020-05-25","4","./.git/objects/68/85d37b457e12e58ef12d39ba77924976746b36"
"ac54a91415448988eae1a145288abe58fff1f8","file","51","2020-05-25","4","./.git/objects/6a/ac54a91415448988eae1a145288abe58fff1f8"
"01a99bcb48a8468afdc9163eecceccd46f05d2","file","154","2020-03-07","4","./.git/objects/32/01a99bcb48a8468afdc9163eecceccd46f05d2"
"46c35bdcb89c8abf94c146dd069320f7b93a7f","file","439","2020-03-08","4","./.git/objects/69/46c35bdcb89c8abf94c146dd069320f7b93a7f"
"a9cac2417a288d5bd555853c75e350530d55ec","file","169","2020-03-10","4","./.git/objects/93/a9cac2417a288d5bd555853c75e350530d55ec"
"9ddee1f9d3e14aeea2281455ee8e6d89dc2be2","file","294","2020-05-14","4","./.git/objects/a3/9ddee1f9d3e14aeea2281455ee8e6d89dc2be2"
"234ae0c911c9c8de739927f708fc75c369c839","file","183","2020-04-26","4","./.git/objects/bb/234ae0c911c9c8de739927f708fc75c369c839"
"d957d56145a1b236b9f296b11063526c1e5381","file","127","2020-03-07","4","./.git/objects/be/d957d56145a1b236b9f296b11063526c1e5381"
"495e188b0306709705e6ed0f376fd661ca2d6a","file","169","2020-03-08","4","./.git/objects/df/495e188b0306709705e6ed0f376fd661ca2d6a"
"acb8a1952eb0b675ba7d144bb06a9d6a56b1b3","file","511","2020-05-25","4","./.git/objects/bd/acb8a1952eb0b675ba7d144bb06a9d6a56b1b3"
"03867713f4f80e307f4ffd285eafa6730ebb92","file","210","2020-05-14","4","./.git/objects/d1/03867713f4f80e307f4ffd285eafa6730ebb92"
"20e24ee278fbc0ffd1e34abfebb8a1566eecb8","file","237","2020-04-26","4","./.git/objects/d1/20e24ee278fbc0ffd1e34abfebb8a1566eecb8"
"999612911c5f7e63a10e90ec5d209727f1040d","file","1145","2020-05-14","4","./.git/objects/e2/999612911c5f7e63a10e90ec5d209727f1040d"
"7ae5658d969992c715c370f1daae6cba44a7bc","file","56","2020-04-26","4","./.git/objects/f2/7ae5658d969992c715c370f1daae6cba44a7bc"
"edd8092a16b05bbdf4a72c52af70190fd60d73","file","189","2020-05-14","4","./.git/objects/fe/edd8092a16b05bbdf4a72c52af70190fd60d73"
"850c97da8b4e9534c3db07b464d5a03f3fbfaa","file","27","2020-03-07","4","./.git/objects/fe/850c97da8b4e9534c3db07b464d5a03f3fbfaa"
"d4651b6b4312621d4eff3861b5531c829fefb4","file","689","2020-05-14","4","./.git/objects/ec/d4651b6b4312621d4eff3861b5531c829fefb4"
"c1fdd73f9a785393312e59a6c1de3ab2c847dc","file","80","2020-03-07","4","./.git/objects/4b/c1fdd73f9a785393312e59a6c1de3ab2c847dc"
"3458f73a0d403e6471459da15dfe474a6724c4","file","622","2020-03-08","4","./.git/objects/7c/3458f73a0d403e6471459da15dfe474a6724c4"
"32a2b32e65ed53ec3232d6788fef0d518bdf1a","file","156","2020-03-08","4","./.git/objects/45/32a2b32e65ed53ec3232d6788fef0d518bdf1a"
"c6db672e583f2ba72fe880d9b7a51b146b04ae","file","173","2020-03-08","4","./.git/objects/28/c6db672e583f2ba72fe880d9b7a51b146b04ae"
"8eeeb3596483aadc6d69a4d26281628c697cfe","file","35","2020-04-26","4","./.git/objects/7b/8eeeb3596483aadc6d69a4d26281628c697cfe"
"245f2df9b7df7ecfec11dd948cbaa29be9eb66","file","367","2020-05-14","4","./.git/objects/21/245f2df9b7df7ecfec11dd948cbaa29be9eb66"
"0916f4310fb2470b0504d5c055575e8d559df4","file","189","2020-05-11","4","./.git/objects/4d/0916f4310fb2470b0504d5c055575e8d559df4"
"64be845dc021a63cc15a3b7fa46c1b5b1dd3a2","file","85","2020-03-08","4","./.git/objects/75/64be845dc021a63cc15a3b7fa46c1b5b1dd3a2"
"1a00c0f0abc553d7a82a73a96453a8483ba4bf","file","295","2020-05-25","4","./.git/objects/81/1a00c0f0abc553d7a82a73a96453a8483ba4bf"
"389a131562fef662d97b2cafbeeb63f81ae7a1","file","265","2020-05-11","4","./.git/objects/36/389a131562fef662d97b2cafbeeb63f81ae7a1"
"f0da3579d7f815d6bc7c4669a9e6a9f33ad3ee","file","260","2020-05-14","4","./.git/objects/5c/f0da3579d7f815d6bc7c4669a9e6a9f33ad3ee"
"302adbf87d2156c0fb005d7bc1f754a4dce7d3","file","191","2020-03-10","4","./.git/objects/5c/302adbf87d2156c0fb005d7bc1f754a4dce7d3"
"42700df4b769f69a1535216fb3fc6202ae859f","file","278","2020-03-08","4","./.git/objects/65/42700df4b769f69a1535216fb3fc6202ae859f"
"8c386999abf812615d8beabf31225131f0d1f9","file","753","2020-05-11","4","./.git/objects/62/8c386999abf812615d8beabf31225131f0d1f9"
"ccf01ccd743c9709dd1253045fcc975a63dc87","file","470","2020-05-14","4","./.git/objects/54/ccf01ccd743c9709dd1253045fcc975a63dc87"
"9c749f858fd0f90f284b95a256e6e813597dde","file","341","2020-03-07","4","./.git/objects/54/9c749f858fd0f90f284b95a256e6e813597dde"
"0a5d5f1ddee0bbbe3bc5dfe4b79fd52aa2868d","file","357","2020-05-14","4","./.git/objects/37/0a5d5f1ddee0bbbe3bc5dfe4b79fd52aa2868d"
"0421a7e30fd8361c93e88de6464d23ad68235d","file","57611","2020-04-26","4","./.git/objects/6c/0421a7e30fd8361c93e88de6464d23ad68235d"
"393e0e40e1ad9844f6c5d129f3c95e6dcb6509","file","152","2020-03-07","4","./.git/objects/39/393e0e40e1ad9844f6c5d129f3c95e6dcb6509"
"07e0daf99f1a309c2bf566e58cb547a7840d03","file","403","2020-05-25","4","./.git/objects/63/07e0daf99f1a309c2bf566e58cb547a7840d03"
"c8063bb59a0a825b9a258c04dbc59d66c3d277","file","127","2020-03-08","4","./.git/objects/90/c8063bb59a0a825b9a258c04dbc59d66c3d277"
"f49b58915fa0a33f206984c500531f5d644e98","file","570","2020-03-10","4","./.git/objects/dd/f49b58915fa0a33f206984c500531f5d644e98"
"7b7b4c5578c4868800ca5ce82aa4f09f8f6295","file","117","2020-05-11","4","./.git/objects/b6/7b7b4c5578c4868800ca5ce82aa4f09f8f6295"
"d89fc2a1a564506391183660159b70ea366734","file","168","2020-04-26","4","./.git/objects/d2/d89fc2a1a564506391183660159b70ea366734"
"6e0440dc5fd5e6f7547cb8902b6b9e3e7fd415","file","183","2020-03-10","4","./.git/objects/de/6e0440dc5fd5e6f7547cb8902b6b9e3e7fd415"
"38ee915237f24d54e6fe18e26b1ca3f4bcb214","file","183","2020-03-07","4","./.git/objects/a6/38ee915237f24d54e6fe18e26b1ca3f4bcb214"
"9de29bb2d1d6434b8b29ae775ad8c2e48c5391","file","15","2020-05-14","4","./.git/objects/e6/9de29bb2d1d6434b8b29ae775ad8c2e48c5391"
"120378b1a75d38ca312eae1a9438d067bdf230","file","133","2020-05-11","4","./.git/objects/e9/120378b1a75d38ca312eae1a9438d067bdf230"
"4e5bda0db2a2bb5a9e4eff4aeaf52768123ecb","file","52","2020-05-14","4","./.git/objects/e7/4e5bda0db2a2bb5a9e4eff4aeaf52768123ecb"
"cbf2cf2f90898a5f4099c227a19e35c99e6d6c","file","212","2020-03-10","4","./.git/objects/46/cbf2cf2f90898a5f4099c227a19e35c99e6d6c"
"921389b9eeb39dc5fcc634d2a23e16a44b7628","file","306","2020-05-14","4","./.git/objects/46/921389b9eeb39dc5fcc634d2a23e16a44b7628"
"efb9f2d3865818a2e11462bc2cca44ea2ae2fe","file","210","2020-05-25","4","./.git/objects/2c/efb9f2d3865818a2e11462bc2cca44ea2ae2fe"
"b8af46acfd1986ee613f4457289b0e00e66265","file","574","2020-04-26","4","./.git/objects/41/b8af46acfd1986ee613f4457289b0e00e66265"
"533872360aa32e311028270a3d10e81bd4acb3","file","179","2020-05-14","4","./.git/objects/83/533872360aa32e311028270a3d10e81bd4acb3"
"727ef6833fd48fecdfeb38ae6b2908bd99bbc5","file","185","2020-03-08","4","./.git/objects/24/727ef6833fd48fecdfeb38ae6b2908bd99bbc5"
"f4cb60625e206fd167d82faa40aa52d909582e","file","213","2020-03-08","4","./.git/objects/23/f4cb60625e206fd167d82faa40aa52d909582e"
"8393c6cb91f8f47689574cc61415447fbfba8e","file","184","2020-05-14","4","./.git/objects/4f/8393c6cb91f8f47689574cc61415447fbfba8e"
"91c4da4323a6ef5077af5e9c38354f6636b962","file","184","2020-03-08","4","./.git/objects/12/91c4da4323a6ef5077af5e9c38354f6636b962"
"525b057e5f3e1998a483311ae944748a8d7a7a","file","295","2020-05-14","4","./.git/objects/82/525b057e5f3e1998a483311ae944748a8d7a7a"
"bb4e33d1577fde5126efd0d05ce06c33e3a684","file","37","2020-05-14","4","./.git/objects/40/bb4e33d1577fde5126efd0d05ce06c33e3a684"
"db1999d4931802039ad994352010f0fefa4785","file","195","2020-03-08","4","./.git/objects/8e/db1999d4931802039ad994352010f0fefa4785"
"exclude","file","240","2020-03-07","3","./.git/info/exclude"
"HEAD","file","1631","2020-05-25","3","./.git/logs/HEAD"
"refs","directory","128","2020-03-07","3","./.git/logs/refs"
"heads","directory","96","2020-03-07","4","./.git/logs/refs/heads"
"remotes","directory","96","2020-03-07","4","./.git/logs/refs/remotes"
"master","file","1631","2020-05-25","5","./.git/logs/refs/heads/master"
"origin","directory","96","2020-03-07","5","./.git/logs/refs/remotes/origin"
"master","file","1332","2020-05-25","6","./.git/logs/refs/remotes/origin/master"
"commit-msg.sample","file","896","2020-03-07","3","./.git/hooks/commit-msg.sample"
"pre-rebase.sample","file","4898","2020-03-07","3","./.git/hooks/pre-rebase.sample"
"pre-commit.sample","file","1638","2020-03-07","3","./.git/hooks/pre-commit.sample"
"applypatch-msg.sample","file","478","2020-03-07","3","./.git/hooks/applypatch-msg.sample"
"fsmonitor-watchman.sample","file","3327","2020-03-07","3","./.git/hooks/fsmonitor-watchman.sample"
"pre-receive.sample","file","544","2020-03-07","3","./.git/hooks/pre-receive.sample"
"prepare-commit-msg.sample","file","1492","2020-03-07","3","./.git/hooks/prepare-commit-msg.sample"
"post-update.sample","file","189","2020-03-07","3","./.git/hooks/post-update.sample"
"pre-applypatch.sample","file","424","2020-03-07","3","./.git/hooks/pre-applypatch.sample"
"pre-push.sample","file","1348","2020-03-07","3","./.git/hooks/pre-push.sample"
"update.sample","file","3610","2020-03-07","3","./.git/hooks/update.sample"
"heads","directory","96","2020-05-25","3","./.git/refs/heads"
"tags","directory","64","2020-03-07","3","./.git/refs/tags"
"remotes","directory","96","2020-03-07","3","./.git/refs/remotes"
"master","file","41","2020-05-25","4","./.git/refs/heads/master"
"origin","directory","96","2020-05-25","4","./.git/refs/remotes/origin"
"master","file","41","2020-05-25","5","./.git/refs/remotes/origin/master"
"settings.json","file","66","2020-05-26","2","./.vscode/settings.json"
"Huber.ipynb","file","84809","2020-04-26","2","./notebooks/Huber.ipynb"
"__init__.py","file","0","2020-05-14","2","./control/__init__.py"
"__pycache__","directory","192","2020-05-19","2","./control/__pycache__"
".gitignore","file","21","2020-05-14","2","./control/.gitignore"
"utils.py","file","1838","2020-05-14","2","./control/utils.py"
"prof","directory","96","2020-05-14","2","./control/prof"
"app.py","file","1291","2020-05-19","2","./control/app.py"
"tests.py","file","1062","2020-05-19","2","./control/tests.py"
"tests.cpython-37.pyc","file","2054","2020-05-19","3","./control/__pycache__/tests.cpython-37.pyc"
"app.cpython-37.pyc","file","1856","2020-05-19","3","./control/__pycache__/app.cpython-37.pyc"
"utils.cpython-37.pyc","file","1730","2020-05-14","3","./control/__pycache__/utils.cpython-37.pyc"
"__init__.cpython-37.pyc","file","126","2020-05-14","3","./control/__pycache__/__init__.cpython-37.pyc"
"wrapper","file","6688","2020-05-19","3","./control/prof/wrapper"
